tempo,dynamic_range,target,emotion,valence,arousal,mfcc_1,mfcc_2,mfcc_3,mfcc_4,mfcc_5,mfcc_6,mfcc_7,mfcc_8,mfcc_9,mfcc_10,mfcc_11,mfcc_12,mfcc_13,chroma_1,chroma_2,chroma_3,chroma_4,chroma_5,chroma_6,chroma_7,chroma_8,chroma_9,chroma_10,chroma_11,chroma_12
185,8.974430369,angry,2,-0.136164757,-0.823265624,-1.560870649,1.818751034,-0.519438751,-0.682005914,1.198308615,0.430897363,0.883533709,1.186911016,-0.693517645,-2.002302116,-0.053823369,0.873660179,-1.107065926,0.180135078,0.335919528,0.586204048,0.505213223,0.658875528,0.309927316,0.099292008,0.725222966,0.653599403,0.478683653,0.668415412,0.525004654
189,5.721293609,relaxed,3,0.636710171,-0.040309126,-1.746702978,-0.311388882,0.912604564,0.465031766,-1.576962873,-0.409094103,0.658966711,1.479625069,1.851793908,0.244000907,0.034997083,-0.701423204,0.071927721,0.439199858,0.16185836,0.632382795,0.125725996,0.606965181,0.640757675,0.413828086,0.378063834,0.162822038,0.641440129,0.175388856,0.128901923
153,10.49579051,angry,2,0.181767806,0.251953965,-1.930587545,-1.540566667,0.481840472,-0.211246971,0.610918775,-2.626353474,1.667149247,-1.230893809,0.629532126,-1.073470548,-0.401991185,-2.154689834,0.609258997,0.60294254,0.616684518,0.283248576,0.171095548,0.583925468,0.727312395,0.087698545,0.421186815,0.994488385,0.676111094,0.186656812,0.787938234
78,13.85027647,relaxed,3,-0.491581473,-0.3383655,-0.792529355,-0.584588928,1.129157466,-0.249984703,-1.118581913,-0.043568694,-0.173421419,0.424192063,1.427444639,1.196927527,-1.271843959,0.620271965,0.034257885,0.637062254,0.560363186,0.329692396,0.331595537,0.527783048,0.222771321,0.208732197,0.289438445,0.942406603,0.591868275,0.909311826,0.119276165
70,11.85322669,happy,0,-0.354577814,-0.880541769,-0.50130434,-0.457625529,-2.15604051,-0.274303843,0.065782175,0.131431025,-1.221154234,-1.753395044,-0.720449384,1.107861362,-0.717414149,1.639466262,-0.902099189,0.894730702,0.316003315,0.766772348,0.172471017,0.697272749,0.465019147,0.557788983,0.61853436,0.718593631,0.717521925,0.60864306,0.192296806
61,9.43276688,relaxed,3,0.142822245,-0.829532602,0.720627595,0.30635522,1.284669586,-0.275591718,0.841698046,0.680845372,-2.157852419,-1.363280384,-1.817369033,0.816031428,-0.120813478,-1.300138934,0.12620139,0.172853568,0.876422985,0.585090683,0.148459875,0.010043678,0.526465672,0.316251893,0.733083983,0.373127742,0.108792458,0.678426017,0.30288755
88,18.37877838,relaxed,3,-0.133752959,-0.736240062,1.002953092,0.861847197,0.141227947,-0.29454662,-0.766479721,-0.750984009,0.693920704,-0.523147219,-0.370231487,-0.399359869,-0.828918996,-0.364088342,1.779261301,0.966632331,0.430273593,0.26809452,0.097120501,0.345221253,0.588798201,0.374354617,0.179727666,0.818422729,0.305747003,0.754083497,0.125590169
141,18.9759837,sad,1,-0.283773382,-0.363857663,0.108973346,-0.253441572,0.458896883,0.641920836,0.008342821,-0.889720244,1.467240295,-0.483959866,1.018577796,0.830951191,-0.531160206,0.760431104,-0.270262814,0.020941988,0.91221304,0.564891019,0.910187716,0.669882637,0.248137246,0.641684061,0.614218491,0.604276108,0.294208438,0.341666033,0.355931345
158,9.776507053,angry,2,0.096198671,-0.749527215,1.256853096,-0.55618034,-0.725220502,-0.730719936,0.27601823,0.568436776,0.287438741,-1.049023301,0.685580091,-1.354511561,-2.945098231,-1.579682877,0.801885566,0.853657686,0.56154852,0.106900602,0.790515795,0.412774602,0.229581365,0.722086197,0.134759982,0.987877977,0.201984613,0.172652464,0.859539807
172,15.65485301,happy,0,-0.19924004,-0.739655231,-0.747993587,0.577683797,-0.283953888,-0.551044516,-1.050719048,0.073468217,1.166740995,0.441751854,0.527836549,-0.885177834,-1.664145735,-1.458221702,-1.798504586,0.455548151,0.354589916,0.964065746,0.922813876,0.549451004,0.355582826,0.824134958,0.800143876,0.692011257,0.753967353,0.529243015,0.407886939
156,6.458690336,angry,2,-0.643705562,0.327617969,-0.31882728,-1.106835387,-0.652944113,-0.637590755,-1.258221668,0.005563381,0.504683079,-0.65431968,1.241942922,-1.382203211,0.223252331,-0.920111405,0.476525506,0.765782773,0.638706808,0.858977779,0.087671442,0.893455934,0.060147168,0.953625327,0.990890386,0.372124144,0.449660465,0.960070486,0.391005252
53,7.031822598,relaxed,3,-0.889735408,0.45859005,0.55530424,-0.535860145,-1.150172264,2.018196263,-1.719643581,0.412212807,0.329839006,0.820797902,1.856302257,0.190911903,-0.028026796,0.511209884,0.143501722,0.173218165,0.660617465,0.894948305,0.783810072,0.060675935,0.512501999,0.205708015,0.916379206,0.637973309,0.142162727,0.085091088,0.911647139
82,12.82351143,happy,0,0.61593423,0.30767728,1.377641931,0.649696105,-0.909257129,0.684104595,-0.009277177,0.222701307,-0.059631952,-2.372792429,-0.024273729,-0.529108214,-0.265262751,-0.247972366,0.011843493,0.555999704,0.633642515,0.056328553,0.481538051,0.76752808,0.391096535,0.41775097,0.92306842,0.492677647,0.112930043,0.531554986,0.311411271
102,9.164133727,relaxed,3,0.429409559,-0.046867187,-0.88263026,-1.134665483,1.13389622,-0.043840257,-0.750790752,0.67287492,-0.866156493,-0.098740984,-0.49904938,0.070868713,-0.093500294,0.276261389,-1.298938052,0.287424514,0.777717991,0.585923892,0.140085448,0.233026443,0.155362105,0.589385,0.570107395,0.883399946,0.534292611,0.352583579,0.256841843
184,14.40173743,angry,2,-0.47321787,-0.200408646,-1.085099076,-0.130466841,-0.274171386,0.371971238,-0.10097246,-0.838481788,0.551151792,0.541187841,-1.674751497,0.547027786,0.526438883,0.433336503,-1.409836329,0.061767932,0.647779161,0.89702471,0.784310429,0.587086239,0.699978814,0.271652452,0.626600694,0.834901126,0.371230516,0.41494537,0.916614854
180,19.1353801,sad,1,0.556729811,-0.386124071,-0.89517356,-1.057456998,0.864879566,1.243576115,0.567973127,0.817838156,0.541715041,0.219182145,2.535249288,-0.528625876,1.996434109,-1.820180975,-0.053261971,0.866528352,0.695327362,0.409274145,0.442923267,0.3214209,0.90123989,0.987478821,0.04499788,0.633447966,0.392589162,0.387812273,0.071432652
199,5.086296161,relaxed,3,-0.390291894,0.7412916,-0.374998298,-0.538583781,0.759142684,-0.40196345,0.140860183,1.324126762,-0.969827171,-0.418313529,0.18264907,-2.313372822,0.920469077,-0.281301008,1.297382663,0.190000485,0.281883979,0.930832553,0.703018515,0.410372913,0.627938635,0.569620755,0.704164229,0.311135364,0.416137719,0.624678885,0.017328745
87,11.8449307,happy,0,0.938475281,0.264107178,-0.15043986,-1.619203548,-0.393197521,-0.208284182,-0.19143079,-1.534148154,0.83912105,-0.440566136,2.580606516,0.277013608,-0.076618023,0.35548368,-1.084120359,0.728064911,0.476011276,0.58462636,0.737537522,0.202240009,0.729371016,0.090012266,0.365218867,0.48052189,0.363366096,0.706189925,0.698132705
154,6.01938708,angry,2,0.222960807,-0.396860481,0.317957917,-0.447671039,-1.227327181,-1.127541819,-0.545674594,-1.354278885,-0.179313953,1.219826784,-2.041489989,0.463268493,0.187630725,-1.05374458,1.313100245,0.941299198,0.832246311,0.394576392,0.441673055,0.474815587,0.797229885,0.110426819,0.767227764,0.367250156,0.297335931,0.414927197,0.073772083
116,10.18897957,angry,2,-0.125627309,-0.618556656,-0.516148528,-1.245018085,0.250038965,-0.126417729,0.342907807,0.685344425,1.012104839,-1.431180895,-1.156775974,-0.420637407,0.38628836,-1.093441299,0.18731451,0.022891636,0.047110067,0.781255929,0.972312455,0.741207942,0.985031891,0.575788748,0.813889224,0.743836181,0.841231857,0.713523771,0.811585926
172,12.77456265,sad,1,0.675487207,0.693391583,-0.749187425,-0.904919862,-0.678399474,2.111979739,0.909174623,1.464501433,0.512668411,0.14872033,-0.278153313,0.61497655,0.627203703,0.514375766,-0.019263437,0.152536294,0.357731176,0.348114329,0.811809681,0.553058288,0.617484595,0.926649112,0.611356787,0.580928773,0.26379007,0.241154694,0.034038665
122,17.62258791,relaxed,3,-0.835461105,0.639390783,0.433874309,-0.541069183,0.923252788,1.171187687,0.74227689,0.039017467,0.539001009,0.187623041,0.555581887,-2.163738208,1.106285515,-1.016165722,-0.673150999,0.314499624,0.056801787,0.233273304,0.243406207,0.534332889,0.869514098,0.209246207,0.167729345,0.059859637,0.171801299,0.583235893,0.108436775
116,9.867297674,angry,2,0.511774373,0.412889718,0.04760037,-0.721010462,0.994470621,1.985585071,0.35020839,-0.757297367,-1.294246099,-1.621592145,-0.766797275,0.038295999,1.707947512,-0.682069458,0.42333217,0.029154757,0.683730142,0.576672144,0.595832392,0.170203356,0.604423982,0.25586501,0.185790875,0.031033855,0.523729968,0.579035494,0.383286963
150,10.49260593,sad,1,0.243422958,-0.474815127,1.240223147,-0.251118578,-0.634188654,0.510803053,0.982018955,0.990555116,0.300495553,-1.63836795,0.234204508,-0.185850742,-1.974718037,-0.540803634,1.121069587,0.804366975,0.111601234,0.565207545,0.842219739,0.80667593,0.381670566,0.907735645,0.390047951,0.482037542,0.316711494,0.719954339,0.766841602
116,9.173291582,relaxed,3,0.179093928,-0.175606926,0.244479222,1.479810978,1.405737188,1.006928414,0.047506465,-0.61284637,-1.186132165,0.476064192,-0.67244581,0.596082457,0.16155428,-2.533799358,0.285370938,0.315580197,0.687784071,0.656225221,0.155854197,0.32787443,0.178557682,0.928871429,0.168610319,0.872570945,0.30269874,0.542930293,0.827527322
172,7.030896043,happy,0,-0.545188229,-0.470391135,1.40100545,-0.96557143,-0.216381824,-0.430018106,-1.065218448,0.679599156,-1.621064903,-0.414084411,-0.269399129,0.227134442,0.931295741,1.445949863,-1.400205273,0.226247898,0.535602779,0.449958102,0.517090428,0.528855913,0.360590182,0.821800756,0.473231348,0.908162341,0.758039013,0.102593078,0.630656189
110,10.27328857,relaxed,3,-0.908055547,-0.134470857,-1.876243735,-1.923620724,1.175162431,-0.249425808,0.593689132,-0.171991002,0.172696063,-0.352041283,0.87828751,-1.298814645,1.411497432,0.412389643,0.062685623,0.754836818,0.45784242,0.709023315,0.742409243,0.856447252,0.405583403,0.297638775,0.447765384,0.056520002,0.74627088,0.94764544,0.444673128
79,17.23101762,angry,2,0.552018084,0.8809584,-0.179570153,-0.157883489,-0.071320755,-2.392795958,1.442191864,-0.211263811,-0.231889225,1.083679828,-0.145948524,0.296135741,2.149837212,-1.075128352,-1.800698722,0.678284677,0.955563605,0.38569449,0.176791871,0.609319143,0.985194138,0.705776594,0.772951977,0.316265966,0.581334609,0.580549962,0.260648466
144,7.303718864,angry,2,-0.29336366,0.372132261,0.503631184,0.917475463,0.256446662,0.437934266,0.593153748,-1.847593477,0.136272532,-0.942784033,-0.497513847,0.629560698,1.607781728,1.534307038,-0.096583497,0.070733766,0.736845549,0.276147611,0.646242861,0.35003919,0.218924771,0.677725909,0.591662248,0.669552664,0.571452228,0.298971594,0.919370496
80,11.43372789,happy,0,-0.582423711,0.065714117,0.297499355,-0.536449453,-0.4896496,-0.35510799,-1.665235673,-0.387107702,-0.944981207,2.088215232,-2.202538436,-0.811236556,0.390948274,-1.714560533,-1.496336483,0.79739487,0.848206826,0.06926681,0.206471463,0.835579422,0.205294499,0.462147139,0.013283019,0.586430617,0.520623213,0.093302064,0.01626871
192,5.888353182,relaxed,3,-0.045520961,0.286711326,-0.420567812,1.355560973,-0.127195264,0.756013196,1.407205523,-1.167981308,-1.684837778,0.312132624,-1.134388469,0.14647887,-0.267371637,0.468619985,-0.907124491,0.78397612,0.098414791,0.233352786,0.457708501,0.461034056,0.436012004,0.597411187,0.708046589,0.185930454,0.108236929,0.27635699,0.028181377
121,10.1518998,angry,2,-0.626393112,-0.950875324,2.035738783,-1.512125626,0.65562622,-0.428524604,1.167647077,-0.441514163,-0.959861484,-0.167228913,0.553175371,-1.344966656,0.525074664,-0.281279564,-0.775765629,0.745098923,0.554463213,0.523151765,0.17835695,0.505293272,0.214958635,0.472361272,0.534532903,0.656905598,0.603159495,0.277903278,0.591682546
153,5.871932758,relaxed,3,-0.413751982,0.646354608,-0.473419136,0.189068329,0.900078905,1.056357473,1.373952758,-1.211896669,-0.48079104,0.478103406,1.547356012,1.094213493,0.473824812,-0.146268322,0.657554207,0.547511253,0.171089909,0.898036437,0.86268549,0.027494826,0.944877509,0.545102374,0.694948013,0.813702097,0.778843266,0.898401224,0.190262012
56,13.26651302,sad,1,-0.173862999,-0.493818272,-0.193609708,-0.35324671,-0.983258201,1.227557612,-1.167544363,-0.781621707,-0.918713617,0.939099695,-0.706529507,1.837328518,-0.313984589,1.152919232,-0.648782422,0.78497732,0.150046467,0.886051125,0.813675351,0.720574779,0.598613215,0.602275452,0.619375305,0.6624292,0.51221705,0.899073991,0.478049389
158,17.07172585,happy,0,0.450468695,0.378664765,-1.942236606,-1.689084778,0.21753232,0.532833256,-1.278010691,0.572636733,-1.1319598,-0.261293555,0.230895878,0.201253523,-0.112834824,0.069834776,1.625019886,0.519420017,0.204494299,0.8860266,0.425560177,0.026895751,0.504513723,0.72529898,0.570382055,0.016898936,0.615063886,0.502709861,0.293449301
78,15.59974323,relaxed,3,0.633961055,-0.490386056,-0.937195704,-0.478212811,0.582183241,0.161118571,-0.015116341,0.462327185,-0.946730307,-0.568218301,0.308557139,-0.720703582,1.442072359,-0.566984456,-1.187015896,0.834052818,0.178197925,0.11038303,0.114107142,0.288066183,0.850774349,0.989162834,0.907568065,0.841843666,0.261410196,0.068838233,0.932042137
87,6.944673,sad,1,0.371336899,-0.826342999,-2.411286631,-0.370050831,0.891335897,0.93791258,0.084921599,0.814287448,-0.253119662,-0.272122336,-0.512568755,-0.165933514,-0.662174265,-0.521909027,-0.715020639,0.046301036,0.004550299,0.917628898,0.61159636,0.265897533,0.955065383,0.02422682,0.626041241,0.877296636,0.042243469,0.78562404,0.264237577
63,11.57353115,relaxed,3,0.998029954,0.825720169,0.466303315,1.457599072,0.583101956,0.462902371,0.540479938,1.275521688,0.504551459,-1.163388496,0.911172813,0.500273824,0.739456457,-1.686694276,0.733282822,0.495450181,0.249931872,0.38336439,0.515883432,0.849534142,0.86532647,0.126653988,0.003509392,0.68221022,0.133583815,0.412021281,0.196821917
75,10.35078341,relaxed,3,-0.199615127,0.054036567,1.461253873,0.855349008,2.144039334,-0.389299831,0.093318339,-0.254127551,-1.301637444,-1.671725863,-1.668323009,-0.336761137,-1.0092014,-0.36088915,-0.319577214,0.252947512,0.608446233,0.64520873,0.861926439,0.246143021,0.810084826,0.765191291,0.456715637,0.711165601,0.614305013,0.266717025,0.848395217
102,18.57722429,happy,0,0.505257586,0.3921683,-1.127019235,-0.191073946,0.26822741,-1.4682583,1.06884633,1.168593577,-0.789501911,-1.145453205,0.150380833,1.24574536,0.668879782,-0.168949646,-0.001372201,0.631964639,0.901115115,0.138453605,0.476750722,0.738293311,0.262647447,0.746591217,0.162973618,0.925964597,0.660045099,0.436342542,0.09981842
136,9.534227597,sad,1,-0.20976978,-0.647046572,-0.847389769,-2.068614511,0.17465541,-1.094084684,0.032618213,-0.662862042,-0.631957855,1.860252124,0.312121203,-0.640936675,1.324014448,-0.607420809,-0.731866975,0.353429052,0.701923546,0.363729539,0.283573871,0.866792341,0.179641513,0.52886173,0.204049866,0.35625316,0.103411079,0.272591771,0.832771444
55,16.06413798,relaxed,3,-0.253019346,0.914385488,0.081701318,-0.410425716,-1.552750266,-0.713559222,1.663758298,-0.547780505,-0.965983079,0.469118431,-0.017766049,-1.144913401,0.182067896,-0.744904414,-0.297891929,0.138674224,0.450396559,0.691035578,0.343432452,0.975748255,0.947622033,0.03511405,0.146805217,0.391362992,0.246135365,0.151779957,0.724980461
88,5.52647711,angry,2,0.398625246,0.150218029,-0.02199189,1.570890648,1.688885876,0.287173382,0.765935708,-0.576889002,1.049577976,0.842969996,1.165936918,1.016041573,-0.475538261,0.038180454,-0.743232564,0.754100449,0.908529133,0.792430496,0.791528367,0.529021209,0.739797744,0.227105837,0.410603789,0.356457084,0.497096461,0.508968868,0.819552726
140,10.09230231,sad,1,0.361626515,0.259333834,-2.595297917,0.191388837,-0.626884874,-0.247172986,-0.944245296,2.071673912,0.382505852,-1.01608711,-0.885766129,-0.560950346,0.481670684,0.698502215,-0.322907747,0.299900741,0.624472809,0.662080066,0.547347039,0.216089564,0.389465263,0.454821123,0.568375056,0.584676826,0.835627648,0.37043548,0.506922003
55,11.91307068,angry,2,0.750926343,0.929682621,-0.435069891,-1.43124519,0.747058681,1.402180348,0.600958054,2.275741347,1.127867488,-2.379175751,0.884413057,1.313110182,0.032827966,1.505817363,0.932037446,0.027053338,0.893467621,0.634782649,0.336190654,0.891237822,0.230788694,0.748442201,0.424408364,0.373115476,0.905380929,0.717356617,0.373451395
85,8.719520825,relaxed,3,0.482384286,-0.89545092,0.516999703,-0.19980592,-1.412057888,1.376426009,-0.930818756,-0.319528434,0.228947119,-0.978311253,0.062908975,-0.793934409,0.21183521,0.100784227,0.569448349,0.630825258,0.231986522,0.241769038,0.290828081,0.877081431,0.422918103,0.062816498,0.883951785,0.240831374,0.013220096,0.757788379,0.839005602
108,19.65464014,angry,2,-0.182709187,-0.422499838,0.441546273,0.428256764,-0.071790456,0.944268074,0.068494607,0.878516282,0.072885507,-0.692830749,0.428409869,-1.104920246,-0.36051462,0.58764319,-0.023540321,0.535987494,0.348839256,0.189441088,0.430337256,0.241106135,0.152496329,0.473370693,0.166942466,0.618909526,0.728485881,0.98686401,0.044284311
85,7.311908176,sad,1,-0.767820686,-0.670257002,0.554662513,0.852176846,-0.776838198,-0.575335001,-0.516361642,-0.348320964,0.372333185,0.357206066,0.489546925,0.613212288,-0.140905293,-0.103490355,-0.118992597,0.768661683,0.084207899,0.070864894,0.287189171,0.441082742,0.043852491,0.596942515,0.214190571,0.219470753,0.099385198,0.128835446,0.924989971
121,15.02838968,happy,0,0.098102111,0.833095705,2.749133842,-0.944198776,-1.914045768,-0.000584999,0.742625028,-0.143997903,0.92182429,1.410338502,-1.97669319,0.821014259,1.176867977,0.184123317,0.74559508,0.215360593,0.473010101,0.759697234,0.613697526,0.464280989,0.617807788,0.67948226,0.393579043,0.283885655,0.930657121,0.523480105,0.466475878
96,6.155759405,happy,0,0.663716325,-0.308529536,-1.026417943,0.88263706,0.751880649,0.381858422,0.156182204,-0.800960139,-1.068772079,0.859338401,-0.790523137,1.38827269,0.207936165,-0.961167726,0.432452291,0.914482084,0.777386181,0.505357862,0.146254151,0.605187305,0.339446137,0.589866967,0.141685756,0.171310135,0.597650632,0.759697498,0.770731764
157,16.71564675,relaxed,3,-0.921819924,0.319363573,-0.064387077,1.591497035,0.807221451,-0.28869761,-0.773703402,-1.124753396,0.090256969,1.025504892,1.084679644,-2.216281278,-0.629208273,1.1927661,-2.003404718,0.354509208,0.424847963,0.804327329,0.41578693,0.186645836,0.699972794,0.85850618,0.030363684,0.219802192,0.155965226,0.218282628,0.42268009
125,19.66089041,angry,2,-0.702436395,-0.388204416,0.564263144,0.325928208,0.752771489,0.377800916,0.154191787,-0.50030562,0.351536937,1.300151085,-0.260443683,0.205091174,0.549743049,0.904755634,1.330062909,0.982941324,0.141202808,0.991660247,0.021234378,0.995647008,0.847708357,0.507766102,0.357007303,0.347669249,0.417805031,0.146780674,0.288107926
101,9.509110079,angry,2,-0.488191416,0.843009256,-1.366614667,1.075511899,0.306662399,0.774332726,1.796347096,-0.419387992,-0.958197565,-0.449368484,1.432462627,0.165357239,-1.265651,0.148081476,0.045142734,0.821444661,0.351627959,0.870876164,0.551839506,0.120960652,0.643455179,0.39816831,0.087719131,0.810195026,0.625350025,0.743273177,0.39858667
183,16.59312228,sad,1,0.802429532,-0.376657963,1.090064313,-0.127529332,0.699990866,-0.804938397,-1.373945595,0.662710844,-0.004208173,0.083135169,0.812609564,0.502806212,-0.753739756,0.910327029,0.836630498,0.692946174,0.934003607,0.186095922,0.992081295,0.210378552,0.472052836,0.936247242,0.530802803,0.018893245,0.545362237,0.969934855,0.769251761
198,16.09507293,relaxed,3,0.945797858,0.810183328,1.288129635,1.092848685,0.321632995,0.111682951,-0.63070236,1.498633623,2.554925428,-0.965697184,0.587229718,0.776568387,-0.172322497,-2.178141957,-0.517890418,0.942951649,0.904224933,0.394310593,0.809883971,0.157675122,0.502507175,0.210814181,0.07116729,0.803257264,0.214508329,0.532106261,0.283773144
155,8.336679997,relaxed,3,0.162605746,0.228798376,-0.59589608,-0.250136345,-0.494798501,1.048270454,2.555148434,-1.10146477,0.136962558,-0.339225233,-1.042775656,-0.11955558,0.348278843,0.210520529,-0.590141196,0.372430394,0.122752476,0.861237047,0.808778568,0.274458391,0.362091036,0.235678591,0.332658319,0.184392727,0.092096566,0.502969425,0.464832397
93,10.58691846,sad,1,-0.434641762,0.06782602,0.522065083,-0.6358858,-1.972796811,0.490722649,-0.768663471,0.477998475,-0.448177793,-0.348177564,-1.101214717,0.20446446,-1.636836503,0.113851396,-1.005684162,0.602836757,0.355745629,0.610187443,0.916723107,0.584561889,0.849575994,0.347953038,0.094081924,0.547786946,0.473090443,0.578061667,0.307622916
54,16.01717893,sad,1,-0.082894208,-0.711471668,0.685664031,-0.032297088,-1.745189703,0.283934883,1.23332491,-0.676646457,-0.880374034,0.93886177,0.32349753,-0.149537,-0.354024219,1.556441496,0.602530175,0.188214274,0.290933657,0.11029448,0.913642944,0.31722818,0.472058965,0.777342786,0.520098314,0.957887654,0.323220281,0.175550139,0.356144969
129,17.17443115,angry,2,-0.949047733,0.620737691,-0.38037743,-1.006723817,0.181917857,0.15734078,0.273708927,-1.21145401,-0.16549818,-0.556528504,0.953749704,1.273609341,-0.075850701,0.53248166,0.895769279,0.458448129,0.501329831,0.818642678,0.881291312,0.108018078,0.148362861,0.424847898,0.006755515,0.17318912,0.65662295,0.954185236,0.394702979
63,9.949203493,angry,2,0.026906234,0.394349258,-1.662547788,-0.012163899,-1.100967272,2.318306636,-0.894125532,0.550161872,-0.835578325,-1.915891999,0.035761633,0.515481425,-0.300938994,0.466186214,1.036484828,0.149590811,0.049770815,0.931292174,0.697427688,0.130337821,0.077114889,0.626719078,0.381436277,0.026065109,0.543836901,0.741386987,0.889801359
105,6.111731865,angry,2,0.819225281,0.563201772,0.010189706,1.115255856,1.179842084,-0.721041833,1.044000204,1.107145093,0.589372947,0.621742149,1.734947987,-0.940472794,-1.046570437,-1.263831786,0.746668086,0.425595662,0.252649657,0.487654626,0.693048301,0.225088116,0.570788062,0.545380001,0.737565474,0.008898259,0.172656961,0.503917102,0.327974894
171,11.39521159,angry,2,-0.293735149,0.552547049,-1.347633051,-1.493997173,-0.655957092,0.587577268,-0.469509947,1.295301215,1.090180455,0.973881662,-0.517751518,0.704843348,-2.45390809,0.780393855,1.265352513,0.161501394,0.972277881,0.3109715,0.044395437,0.482655592,0.175341272,0.759871099,0.508401129,0.868870777,0.579258065,0.156956833,0.000816494
44,15.93518021,happy,0,-0.146071425,-0.184909571,-1.562672835,0.416751592,-0.256061472,-0.832294866,1.37168407,0.801791646,0.05957547,1.254463447,-0.079847426,0.817862488,-0.367434607,0.452607672,-0.795682777,0.454094352,0.029347396,0.261870641,0.676608545,0.772222939,0.549361291,0.354511591,0.71296004,0.393313478,0.301769824,0.739873814,0.642430472
72,19.12280129,sad,1,0.781746003,0.540872772,-1.538442167,1.936903814,0.57231815,-1.043295136,-0.717444059,-0.016705847,-0.020210955,-1.061760435,-0.949349376,-0.352206466,-1.48339416,2.471237031,0.363942028,0.667965981,0.110857612,0.548929073,0.772097655,0.649980235,0.295929298,0.132411315,0.833100821,0.814837988,0.464548576,0.078463139,0.458783825
133,8.773712425,happy,0,0.751287477,-0.923627603,0.548697457,-0.208716442,0.228045089,-0.478970251,-0.283051645,-0.309859738,0.18533773,0.448671852,-1.413997157,1.258561902,-0.589684816,1.036825887,-1.609810147,0.788017386,0.102161008,0.033901198,0.477408372,0.008405905,0.837519219,0.994781087,0.058392653,0.875177602,0.475787334,0.619601156,0.574757004
111,5.130518406,relaxed,3,-0.993830462,-0.006964585,-0.045725396,-0.978237867,-0.049818684,-1.227410941,-0.127523282,-0.618129567,-0.276513506,-0.565555819,0.850211328,2.127342819,1.384067669,0.711541051,0.858708545,0.319757937,0.012564976,0.024618707,0.157387693,0.277787531,0.344946878,0.408952598,0.340765211,0.911068622,0.593623662,0.702385225,0.51035335
74,18.69244731,happy,0,-0.961489038,0.971172196,0.288628284,-1.527894103,1.683477925,-0.556545655,1.09365301,-1.513895469,1.384931255,-0.875626884,0.033582123,-0.152490201,1.190611369,-0.718186543,1.545771828,0.418121713,0.617779178,0.510214025,0.699736811,0.872592099,0.932433072,0.072278171,0.611439931,0.957132039,0.354404423,0.019128092,0.921856659
200,12.44749458,angry,2,-0.241150639,0.701662968,1.811138789,-0.214042515,0.612655059,0.004424637,-0.539758915,0.970510481,0.549383769,0.589390123,-1.275431903,-1.114632901,1.061883942,0.450480311,0.469685505,0.851286761,0.071917987,0.530743235,0.545899754,0.220190554,0.935208001,0.881500791,0.676234912,0.912116481,0.81176661,0.383398742,0.952615205
106,19.00732389,angry,2,-0.4923762,0.651538125,1.226638793,-1.81100743,1.211443794,-0.217305371,-0.062172282,-0.489512029,-0.480235634,-0.497335845,0.069010724,0.366608676,0.763537517,-0.023750871,-1.24773561,0.624370265,0.758823373,0.329203143,0.657959564,0.284336895,0.86124747,0.767932061,0.056484615,0.879195161,0.761016033,0.195968114,0.443443433
198,14.66438271,sad,1,0.013536899,0.080475118,-1.418469701,0.126890343,0.330482136,-0.13160386,1.035785818,2.282425201,-1.244876108,-0.102407615,0.502354613,-0.828605569,-1.4523173,1.427187642,-0.758152853,0.107329176,0.876917059,0.446682461,0.074864011,0.177647606,0.156326134,0.473058338,0.197279879,0.107695174,0.438766466,0.880745459,0.94241151
41,18.70376605,relaxed,3,-0.25807176,0.875828908,1.714205845,0.742625273,-2.239253832,-1.148093323,1.073680613,-1.08212362,1.112298275,-1.226848617,-0.846104838,0.140298256,-0.05823953,-0.832583893,1.008732704,0.367639405,0.689354099,0.248181012,0.48776621,0.245258562,0.975168126,0.058735712,0.900679995,0.520193223,0.559984231,0.92243505,0.127456858
199,5.969551061,angry,2,-0.486799906,-0.629554293,0.855792784,1.156077897,-0.564165194,-0.226022077,-1.137257579,-0.271778137,0.461833231,-0.129319875,0.77001111,-2.123095557,-1.20933333,0.453614696,0.076200254,0.814418057,0.099529441,0.084688278,0.518322869,0.385483132,0.939549686,0.846876525,0.167801673,0.017463531,0.017811971,0.583018402,0.557732929
121,10.94394212,sad,1,-0.850205629,0.693240374,0.693725535,0.397789262,0.316479951,-1.500799907,-0.709734928,-1.891470292,1.362667924,0.394498855,-1.552752072,-0.787282531,-0.150150408,1.315586076,0.399150885,0.465335269,0.939924129,0.403459518,0.707403358,0.354437207,0.551723894,0.134508458,0.19458864,0.896602242,0.704703906,0.744580521,0.555546333
180,5.489768767,happy,0,-0.91666814,-0.166158724,0.981866894,0.384983923,-0.196721782,0.981382134,0.821918371,0.211196284,-0.859622166,1.733149309,-1.012635906,1.073887223,0.277105091,1.307174461,0.084136955,0.143470949,0.075297065,0.0351911,0.048136416,0.729797664,0.824380455,0.245491471,0.786166836,0.981490941,0.695944388,0.267085351,0.102824609
144,9.539130158,sad,1,0.848102716,-0.574701114,-1.197635471,2.407861816,-0.360390019,-1.77752919,-0.652497987,-0.401516497,-0.606294131,-1.055163808,0.136596048,-0.080030251,0.576337582,-0.150305993,2.087790376,0.134437676,0.120533093,0.065840133,0.090739181,0.587427668,0.692573876,0.625782846,0.891355181,0.119342209,0.746032035,0.143246522,0.432023724
65,19.20209886,relaxed,3,-0.873178492,-0.204547949,-0.557098385,0.200391797,0.648825721,-0.868815495,-0.453324456,0.332518409,-0.041765247,-0.088510968,-0.059811837,-0.805285764,-0.758906188,-1.124869835,0.46292759,0.064183923,0.023071476,0.868663786,0.543298583,0.959884889,0.030714367,0.99219395,0.617423178,0.977349461,0.319440425,0.226116841,0.595475078
91,6.953340069,relaxed,3,0.60363582,0.743844821,1.109963622,1.511417288,0.828879601,0.19958273,-0.013863937,0.731680799,1.076218912,1.220686188,0.477927017,2.077623675,1.282538841,-1.458670365,-0.361179112,0.45096286,0.158269092,0.640180389,0.855675912,0.342260516,0.663517123,0.478119644,0.092159121,0.180223585,0.204327788,0.022712625,0.251489376
109,16.94732476,angry,2,0.500639966,0.433852383,1.321063329,0.302812611,1.016763609,0.708770076,-0.355329797,0.962877792,0.036494009,-1.665490686,-1.23618026,-0.894848852,0.851663957,0.196435931,2.519907264,0.155179618,0.511953326,0.500854734,0.158895309,0.319808826,0.767541042,0.849986273,0.619376957,0.001035704,0.15158401,0.469290839,0.730328429
200,18.96089688,happy,0,-0.137947199,-0.52719299,1.718332313,0.570878246,0.628471895,-0.328438259,2.163011137,1.174219495,0.749002468,-0.507157055,-0.570536305,1.532645199,-0.978563938,-0.819515362,0.87479484,0.922022215,0.887809916,0.563442085,0.619289013,0.092449736,0.252873233,0.3596032,0.09228764,0.454406197,0.931406574,0.080061187,0.789744503
79,12.27911581,angry,2,0.987666111,-0.458056208,-1.169718842,-1.673088396,-1.257540114,0.102371177,-0.622238994,0.126947024,-0.567442261,1.606015794,-0.327919515,-0.984340226,0.220924621,-0.080859019,-1.417965084,0.148689515,0.715292921,0.320673957,0.515761818,0.597488577,0.031887607,0.272593429,0.219017613,0.861240996,0.657575274,0.208791444,0.083507758
148,12.61276408,happy,0,0.481092882,-0.444656793,-0.518591185,-1.17661472,-1.005487572,-0.345446554,0.422215879,-0.460515337,0.262327558,-0.12963415,-0.84023259,-0.386359202,1.170741794,-0.598092506,2.046101893,0.810521183,0.897088939,0.739498668,0.311062494,0.900459665,0.692256369,0.39076871,0.639854054,0.684467152,0.57023934,0.653447918,0.305833509
83,19.35415131,angry,2,-0.12207153,0.697624693,0.088437969,0.09379342,0.755985606,0.687096834,1.338184498,-0.921908708,-2.352903419,-0.451279286,-1.244366188,-0.014182366,-0.312188587,-0.820022107,0.494019175,0.228947139,0.541409394,0.543078154,0.590641716,0.147061557,0.075887256,0.889755007,0.054351294,0.23411124,0.875932746,0.075530596,0.163945702
107,10.30250158,sad,1,0.265336495,-0.746460103,-0.791922366,0.773516177,0.527584033,-3.572303716,0.140017111,-1.739825397,-0.761276445,0.105896332,1.262611656,-0.189900271,0.119259609,-1.999371249,0.259874227,0.462269357,0.971176309,0.034881858,0.891946283,0.596507809,0.36554826,0.976226429,0.119496707,0.1650226,0.113383688,0.568215135,0.003770111
90,13.0132485,angry,2,-0.75390688,0.056800119,1.623611834,1.377826614,-1.134081664,-0.730961989,-0.967670287,1.272792865,-0.707159706,2.061953811,0.902321883,-1.108382425,-0.091248161,-1.173159159,-1.228169085,0.510555737,0.627870055,0.31579729,0.26387864,0.011035755,0.489043691,0.585681588,0.318839442,0.608538712,0.427535157,0.15814594,0.624720334
65,6.759525082,sad,1,-0.390162901,0.703893995,-0.084637444,0.927306758,0.581248942,-0.93954705,1.157177407,-0.334359751,-1.760747472,0.034967856,-0.957741854,1.543835917,0.371864683,0.453242624,0.405626555,0.659918177,0.547544948,0.84058463,0.652180494,0.486589955,0.111697317,0.831201083,0.11011609,0.043605829,0.108898672,0.563768129,0.361550809
125,5.939518595,happy,0,-0.040737496,-0.038392112,1.183911174,1.749211485,-0.149786419,-0.195488961,0.096329924,0.964611307,-1.160977039,-0.384834917,-0.409314232,1.273619993,-1.468492385,-0.722864144,1.538192141,0.772201762,0.112606379,0.603877058,0.991967681,0.810825411,0.475462691,0.030699107,0.270793975,0.154007006,0.344741531,0.677425753,0.771787266
98,10.71298824,relaxed,3,0.198894303,0.30688875,-0.428123316,-0.428027787,-0.314774794,-1.307730616,0.287902102,1.562283369,-1.172955861,0.313427085,-0.621749393,1.604071935,1.125994052,-0.465031757,3.440660237,0.478581831,0.376096059,0.377548656,0.543321647,0.5129883,0.613973466,0.650436712,0.635734257,0.251735542,0.013878434,0.330340114,0.915366463
184,8.554995281,angry,2,0.598012318,-0.995030427,1.080739922,-0.105549202,0.104997051,0.270939739,-0.771365776,-0.800658386,-0.149241976,1.218769202,1.067864766,1.59892743,1.499283079,1.098824597,-0.034578767,0.766092956,0.589576741,0.470667819,0.168013729,0.402535918,0.680467147,0.705008704,0.838180519,0.263091809,0.148620565,0.24578523,0.082037105
178,12.40698959,angry,2,-0.000182527,-0.099497886,1.397684789,0.566516664,-1.841494359,-0.057806051,1.307388828,0.6838707,0.167026775,-0.894670889,0.217385265,-0.017599861,-1.835124277,-1.521252167,-0.658264859,0.057842332,0.297763784,0.132940843,0.629139882,0.042243187,0.867433539,0.635525603,0.66950461,0.385085244,0.119800975,0.806060397,0.007136613
76,5.342864119,sad,1,0.321880704,-0.345458757,-0.427760451,0.570431003,1.198928947,-0.047241993,1.976926667,-0.148248786,0.802688191,-0.18786394,-0.206000939,0.151034158,1.917159231,0.915965679,-0.564163311,0.871028392,0.500694219,0.975542098,0.897936501,0.021318458,0.000724997,0.163614994,0.859416895,0.830837984,0.235695957,0.624700283,0.049515875
188,19.1809453,happy,0,0.30938813,-0.690011402,-0.965055813,0.389324389,0.94941125,-0.091175419,3.279156788,-1.787242708,1.496360702,0.901882302,-0.228532442,0.875369478,0.78425431,-1.33909262,-0.027752339,0.590082259,0.907459979,0.951084843,0.222801667,0.90095386,0.959318107,0.656912897,0.713049918,0.219700278,0.383867371,0.859548277,0.711193808
120,14.35767891,angry,2,-0.272141354,0.077225348,0.758680307,-2.100302756,-0.18313099,-1.391253487,-1.226636125,0.641711226,0.627088026,-0.235061282,0.625773323,-1.367871472,-0.205593253,0.159107396,0.615659245,0.32438919,0.148798891,0.767801518,0.453484803,0.704775618,0.359121077,0.105436357,0.917048251,0.378283685,0.742894748,0.263330063,0.162167681
81,15.51274609,happy,0,-0.891448223,-0.498056774,1.214875446,-1.161356224,-0.27785716,0.30661591,-0.386089495,0.65454626,1.97229793,-0.905611043,-0.433164852,0.550506018,0.052312889,0.999633156,-0.524721824,0.467185847,0.846292513,0.922201002,0.253615088,0.112008715,0.499272907,0.313158783,0.26212817,0.782656351,0.01071279,0.677039112,0.903692341
117,6.11480237,happy,0,0.334529649,-0.709995371,1.314922125,0.210012094,-1.132554836,-0.404564817,1.040417507,0.58002295,-0.925890499,-0.989251468,0.264320158,-1.107181353,-0.724677803,-0.010336043,1.359067399,0.885562225,0.853319619,0.027175547,0.543641966,0.207408061,0.254720699,0.403716643,0.496024163,0.109584061,0.145310927,0.179925295,0.290866609
199,16.48121567,angry,2,-0.865550792,0.920869269,-1.334716597,0.245059454,-0.731153719,1.289949017,0.366291561,-0.142040344,0.689852599,-0.229861112,-0.465434221,0.003000372,-0.028326404,0.873058752,0.31390542,0.703928729,0.326635689,0.067460067,0.493829305,0.725456391,0.458556257,0.360126821,0.716978243,0.238848209,0.858461192,0.628140958,0.191662416
121,5.217413588,relaxed,3,-0.688137326,0.461124758,-1.273342269,-1.474790822,-0.983105632,-1.112490853,-1.027916952,-1.80748376,-0.09294346,1.468863993,-0.33086352,-0.228323898,0.569658125,0.339109297,1.094100916,0.850772549,0.097334606,0.683654766,0.343305574,0.301942286,0.256935331,0.553941648,0.977211237,0.876037913,0.742251813,0.194448717,0.568746481
175,15.91687833,sad,1,0.724185507,-0.754395706,-0.24584085,0.815067455,-2.39801412,-0.198742781,-0.923599216,0.485789301,0.017171051,0.009895162,0.013165246,-0.745468484,-0.149134484,0.814712295,-1.646347559,0.715783613,0.951795233,0.238859973,0.462934746,0.30115598,0.464622264,0.466435277,0.96506921,0.166719482,0.354462617,0.730368347,0.475989172
176,19.25705073,angry,2,-0.483730383,0.267041904,-0.394487731,0.039566409,0.057571772,3.026462441,-1.215690539,0.768958354,-0.428020081,-1.216977793,-0.816387096,-0.547239423,1.171132068,0.884208854,-1.274909121,0.916111517,0.589367031,0.739285402,0.426877429,0.778396479,0.037281099,0.999110212,0.240649567,0.308442611,0.431215979,0.772898458,0.232529602
120,19.24017442,relaxed,3,-0.322845658,0.005186078,-1.071195135,0.28819313,-0.002537611,-0.447043419,0.141632868,-0.451860401,0.34238189,-0.735059615,-1.693336645,0.827001038,0.083139728,-0.980839573,-0.956895322,0.126868585,0.938229927,0.866422112,0.031878377,0.442457885,0.543993909,0.892075665,0.438152589,0.283434569,0.899169832,0.251073396,0.096014332
171,18.73953035,angry,2,0.579299623,0.157536042,-0.260576318,-0.73484642,0.536883518,-0.358633041,-1.149953975,-0.865205479,1.530498949,0.613036923,0.580765237,1.463342573,0.65190755,1.628367258,0.386797064,0.329644879,0.288737779,0.981569364,0.549533645,0.226806228,0.769066207,0.148880215,0.731512101,0.443731221,0.083288518,0.914996839,0.058158702
86,8.728961757,relaxed,3,-0.580026417,0.667056663,-0.328590619,1.722993014,0.426729791,0.307790247,0.458157629,0.025842175,0.545435113,0.220025186,-0.255270357,0.122947176,0.402661796,0.638067708,0.523530353,0.647393726,0.121165265,0.376753088,0.620760285,0.581619298,0.521354984,0.232842255,0.253888721,0.321799213,0.718611299,0.775643124,0.910498208
112,16.23718018,sad,1,0.576318681,-0.705890636,-0.268830746,-0.490384244,1.039206709,-2.766667686,-2.215574552,1.291638878,2.637521439,1.657841451,-0.803401682,-0.668662982,0.598327603,0.53025953,-0.457732667,0.509425045,0.261685343,0.946028774,0.229431142,0.070483001,0.211901656,0.038164425,0.409856037,0.196121871,0.737846342,0.093036457,0.905667015
174,10.92482892,relaxed,3,-0.628312551,-0.549030959,-1.342043277,1.568202871,-0.057965164,-0.457835171,-0.091160633,0.995134675,-1.633754705,-0.753923976,2.19768196,1.302193352,-0.76382627,-0.764712402,0.094837436,0.599882547,0.104565362,0.936662713,0.292899817,0.822183084,0.165855467,0.851732468,0.507069194,0.624096668,0.699039301,0.675218377,0.363992346
47,15.35733234,sad,1,0.663060724,0.153733438,-0.818436792,-1.351814424,-1.831461997,0.19384351,-0.013907914,1.43903883,-0.506251896,-1.979767548,-1.000681905,-0.746074461,1.476828499,-1.461953287,0.622357782,0.50310206,0.345156265,0.406934215,0.754271629,0.558877653,0.972487206,0.19848178,0.048567805,0.511438599,0.707699296,0.268014131,0.722577943
56,10.19828353,relaxed,3,0.418620855,-0.543005544,1.034794821,0.412658272,-0.263103146,-0.501317729,-0.903742064,-0.449699997,0.924933297,-0.487636819,-0.133548577,-1.112050013,0.077183907,-2.492121468,-1.308430677,0.524161208,0.226069501,0.937687497,0.861225233,0.852242031,0.309867728,0.704961413,0.486099132,0.739568831,0.515785377,0.88383412,0.923596849
145,14.56229213,happy,0,-0.998151123,0.678271278,2.061928514,1.143465841,-0.107796982,-1.160736174,0.573188562,-0.473113059,-0.547795236,-0.455245029,0.383019363,0.279793095,-1.719836469,-0.359364386,0.369541044,0.560283873,0.597363592,0.898355546,0.392145082,0.403323005,0.747100452,0.109423113,0.458472321,0.457117495,0.375164797,0.085673907,0.24256319
68,6.309825416,relaxed,3,-0.23255084,-0.775974267,1.943123197,-0.99932266,0.588476927,0.55818951,-0.287259754,0.559041983,0.161424062,0.10387914,2.637964943,-0.003910138,0.136005401,-0.725448878,-0.271174092,0.173525395,0.635015961,0.608126873,0.646932969,0.706177326,0.678708665,0.56436872,0.38603192,0.780256075,0.400295669,0.258364176,0.06526864
118,18.53315094,relaxed,3,0.468114346,-0.34422509,1.053913037,1.101739205,-0.204804961,-1.124105519,-1.683941105,-0.418098579,-0.524464557,0.209576115,-0.938916725,-0.787485298,-0.856900709,0.024240235,1.204727304,0.276387397,0.593438189,0.775566365,0.863745635,0.653989939,0.625721084,0.670997555,0.977994588,0.8491687,0.581742527,0.490981224,0.795262819
188,7.294892959,relaxed,3,0.210934262,0.092936821,0.043559379,1.832950044,0.281487222,2.427761492,1.18969123,-0.410947984,0.798370475,-0.568269881,-0.365977038,-0.295829862,-2.128239706,0.973996251,0.314560351,0.575790023,0.002121064,0.979815941,0.396416033,0.458738473,0.656762491,0.632573309,0.20245134,0.406385324,0.287720295,0.996111592,0.179316207
170,7.44521341,angry,2,-0.115354325,-0.406403328,-0.32022841,0.063704649,1.009544644,0.13738649,1.563233277,-0.297589516,-1.821993272,-0.185058997,-1.966447316,-0.980184756,0.691439552,-1.193154699,1.279539254,0.231977159,0.901678023,0.743951047,0.760805098,0.167416572,0.201921519,0.523146319,0.786219145,0.724448508,0.477894821,0.514940207,0.440273884
129,19.40892676,happy,0,-0.720940617,-0.885094957,0.049578752,-0.260573994,-1.25858756,-0.327629318,0.745739381,1.005906413,-1.728859246,0.255324856,0.092092344,-0.418597127,0.701402762,0.601608001,1.041859725,0.3540824,0.724508008,0.673163557,0.514177693,0.62190205,0.2039659,0.352750931,0.482421657,0.990101822,0.270818662,0.312256565,0.938693445
88,10.89328814,happy,0,-0.281249884,-0.910816815,-0.729006787,-1.230154797,0.273268664,-0.605608407,-0.404683445,1.162354577,0.888948414,0.287443318,-0.046959177,-0.028686514,-0.827861084,0.206592796,1.122020525,0.084745533,0.125957342,0.407906798,0.5540204,0.231696585,0.046902639,0.463569096,0.780455128,0.293040482,0.901730844,0.83692751,0.364688715
58,7.672008721,sad,1,0.053043232,-0.526125816,0.260192673,-0.962702205,1.682208903,-0.739212715,-0.235676085,-0.925041946,-0.737441957,0.174272456,0.758990983,0.826587833,-0.092675841,1.029144586,1.324826006,0.213099535,0.19147915,0.182060324,0.680627172,0.637178066,0.730137178,0.063959818,0.349341105,0.712053619,0.143892761,0.318575473,0.047352375
64,9.379999422,angry,2,-0.700700345,0.596546457,-2.728790028,1.060196421,-1.310785801,1.756678185,1.294399768,-0.89421875,0.111635159,0.082374193,-1.179117532,0.02394792,0.630548923,1.193001493,-0.042348106,0.210520226,0.53035044,0.028089222,0.810639255,0.077094697,0.721573482,0.303031683,0.672479078,0.002417052,0.84584838,0.133204836,0.281604084
78,15.7706549,relaxed,3,0.395759849,0.111440106,-0.469122372,-0.489859225,-0.058963747,-1.582499691,-1.059429492,0.975444419,-1.24220792,0.264123886,-1.92778407,2.172787822,0.839342428,-0.108897077,1.164566267,0.572571994,0.649326798,0.409314789,0.929690505,0.388393207,0.571675684,0.492181415,0.078874834,0.347353165,0.067240179,0.793828365,0.115058929
151,10.24805338,relaxed,3,-0.220862263,0.06867688,0.231339504,-0.565292679,1.733650523,-1.697721455,0.253881425,1.237382291,1.954075173,-0.23693191,-0.427072262,0.967162546,0.210290042,-0.685318253,0.552725495,0.053644948,0.952487128,0.83899831,0.094762224,0.407438728,0.347854494,0.624013245,0.145483198,0.291614511,0.473091634,0.376786613,0.275376209
177,13.52895239,happy,0,0.618446507,-0.216350381,-0.318037143,1.594654922,0.25736382,0.40981578,-0.73210807,0.77803971,-1.590793208,-0.979030503,-2.8850656,1.02772072,0.105233872,-0.784324442,-1.030058407,0.158557496,0.2385223,0.281509444,0.402926211,0.578388281,0.661026964,0.591991213,0.507106957,0.608208342,0.927813002,0.074193871,0.890043895
120,15.86420087,angry,2,0.680216931,0.495489147,0.219749125,-1.742616605,0.330807561,0.271293027,1.996403121,-0.911714365,-0.465388672,0.787959953,1.104279347,-0.292949091,-0.265306488,1.474838023,-0.341080325,0.192950036,0.779705345,0.933860114,0.833565999,0.314754672,0.162097663,0.637305078,0.318993284,0.441034754,0.87968445,0.567930953,0.279548844
128,18.46411914,happy,0,0.134702023,-0.059972778,-0.885391611,-0.297142797,0.937538526,-1.015320124,0.023605484,-0.273906668,-0.317491556,-0.477744438,-0.752590756,0.500700862,-1.080174729,0.290414749,1.931441807,0.938953067,0.533900654,0.999276703,0.970436811,0.32952589,0.792656729,0.872096229,0.50213354,0.393518967,0.200789534,0.92818732,0.138008956
153,8.406730647,happy,0,0.594134077,0.143123905,-1.853847059,0.253668773,0.808608573,-0.756051689,0.864855205,-0.187305127,0.617284381,0.436221792,1.590291353,0.146541982,1.045816188,-0.165475558,1.548925456,0.843891484,0.415273215,0.656465886,0.930344749,0.048318362,0.014145763,0.650532853,0.912216761,0.783349567,0.185866382,0.490786278,0.605332225
145,18.04116392,angry,2,0.318664574,0.263294708,0.712610729,-0.67520359,-1.913610088,1.969998562,-0.473717143,-1.392027828,-1.657176989,-0.85676096,-0.0368682,-0.578231416,0.044602894,0.456942961,-0.400106887,0.069146515,0.069422959,0.991848555,0.576775888,0.737311976,0.623726104,0.266600315,0.822480336,0.433713967,0.465034704,0.128441982,0.243085993
197,11.72710676,happy,0,-0.065310912,0.787530595,-0.776696539,0.313461231,1.320334691,-1.173429487,0.265980292,0.065624291,0.267522476,-0.070670568,1.83872899,0.818901731,0.169401721,-0.237418398,2.138008372,0.205177274,0.99841482,0.004011888,0.901978857,0.496261492,0.976923204,0.084755685,0.260662266,0.176206664,0.724790791,0.537509954,0.256866562
86,9.060385472,happy,0,0.374582946,0.135863454,-0.148663332,0.737001975,0.120439386,-0.479033911,0.702408855,0.768529784,1.797628818,1.394056356,0.250307957,1.532768199,-0.200393135,-0.709816519,-0.690464255,0.886477293,0.146495376,0.891756693,0.241350574,0.278567255,0.045676893,0.09664631,0.087040716,0.272117212,0.479955988,0.795163532,0.332155414
164,6.693596301,relaxed,3,0.223585688,-0.868071197,-1.527582048,1.165078951,1.478080357,-0.433357183,1.001149672,-1.86161668,-0.702128856,-0.898433285,0.266176914,-0.701516994,1.733493104,0.244887885,1.264767294,0.949775686,0.946988489,0.474039013,0.220117692,0.885724045,0.044116981,0.215158693,0.092358434,0.936872099,0.070933403,0.65154952,0.665925561
130,11.2948164,relaxed,3,0.854216444,0.63263127,-1.048494282,0.214076016,-3.060762725,0.891648092,1.256798901,-2.50317699,0.49298407,0.194563852,0.20519205,-0.692765325,-0.182993834,-0.290435632,-0.205691383,0.740660999,0.987243545,0.926772795,0.159663456,0.175535714,0.772052873,0.580261169,0.552848567,0.909854461,0.017498204,0.809493586,0.014352354
131,17.02405549,relaxed,3,0.96478828,0.124604231,-1.790490929,1.077839866,0.620523208,0.98510145,0.61767611,0.670075946,-0.074032808,1.318544678,0.624449334,-1.491342001,-1.661240306,-0.645946787,0.289737033,0.013464349,0.311700453,0.350813939,0.739869767,0.574900211,0.114692193,0.564241086,0.556063203,0.67562016,0.210553294,0.450581152,0.113772506
95,5.19722558,happy,0,-0.810350795,-0.313750765,2.373595462,0.390587147,-0.738603623,-0.137470634,-0.503283762,1.79952552,1.202307782,-1.0036947,-0.098814044,-0.628143831,0.098362164,-0.094107222,1.110496786,0.816430993,0.821517316,0.982846708,0.414324444,0.661791924,0.275456111,0.011163686,0.089725066,0.357624309,0.114490621,0.557362652,0.150094558
79,10.05366687,sad,1,-0.549391855,-0.402348275,1.917440604,-0.507403918,2.322403685,-0.83683433,-1.556269997,2.349386106,-2.108569344,0.102904276,-0.428681861,0.415112733,-0.617031178,-0.349847371,-0.341612502,0.240628698,0.559330304,0.982991778,0.290163268,0.259762724,0.028907163,0.838346516,0.097495126,0.393923422,0.446406314,0.766559608,0.569827908
104,9.412949513,sad,1,-0.829890512,-0.124707676,0.344512678,-0.186163868,-0.230035348,0.763637702,-0.50563971,0.542279492,-1.539334831,0.729891149,0.26545974,-0.279031703,0.75129506,-0.284059483,0.558975679,0.55749932,0.747103517,0.420880496,0.8494944,0.47446661,0.550806151,0.097381575,0.563406017,0.578995894,0.377901184,0.997770099,0.206577807
66,10.15535845,sad,1,-0.188001322,0.289239734,-0.867057663,0.082994432,2.64466056,-0.52375767,-0.34062327,-1.188440783,1.362982767,0.769832063,0.116213629,-0.00900735,-0.321506962,0.462897957,2.189580876,0.174247384,0.333721795,0.566794385,0.610669629,0.409685754,0.270344471,0.405870559,0.122922728,0.459638477,0.825109617,0.858609376,0.784034693
140,8.617925261,angry,2,0.000454059,0.91676963,-1.21411681,-0.231321681,0.25073056,1.883362025,0.536577968,1.972628174,1.314638668,0.672869911,-0.632220157,0.848707281,0.004964645,0.366342824,-1.095149789,0.519266363,0.115874777,0.2918516,0.962077083,0.360868026,0.550688466,0.841823439,0.458639019,0.707148622,0.352534572,0.202871273,0.205986978
198,13.71427349,sad,1,0.409265253,0.506568401,-0.633020533,-0.081799866,0.041870368,-1.683412834,0.014041027,0.698225113,2.395459374,-0.739507593,0.614493183,-0.350061469,-0.19380852,0.193934744,-1.37757492,0.376710327,0.004977718,0.980829957,0.070640408,0.847762462,0.580989811,0.525439478,0.871383284,0.17993618,0.2005805,0.76388729,0.115038768
97,8.835334049,relaxed,3,-0.000276487,-0.664692743,-1.469727772,0.516205516,3.09888585,1.421188997,-0.99577043,-1.359496513,-0.580605242,-0.994667284,-1.833402845,0.283485494,-0.620317606,0.524308611,-2.047782385,0.4884311,0.212577524,0.048962807,0.158173515,0.29213429,0.054763615,0.288949968,0.97751296,0.914219704,0.838059298,0.883411801,0.395632615
118,18.60786165,happy,0,0.337048111,-0.044670209,0.257201666,-1.596396573,2.1967085,1.757162276,0.322499606,-0.092585947,-0.226274489,-0.585359051,-1.976076038,0.133981879,0.290768476,2.252748556,0.409066188,0.807238041,0.964160819,0.696772195,0.611362064,0.232130536,0.884683172,0.108520641,0.99941491,0.115153295,0.179020575,0.076150545,0.566651415
183,19.59677872,angry,2,0.570566254,0.0495357,0.172465107,-1.424843054,-2.732912292,-2.367657292,0.573080231,0.268362509,1.009226734,0.281042498,-1.074716845,-0.258128768,0.974975903,0.673480617,-0.064320623,0.285074003,0.1760284,0.369502037,0.077454646,0.634234795,0.420094271,0.907880593,0.028973542,0.448896835,0.754239779,0.391849654,0.730326002
196,14.19290572,angry,2,0.829949568,-0.094314826,-1.396389244,-1.491975687,1.427972926,-0.366637844,-2.020078086,-0.46461287,0.204087842,1.116310969,-0.446975547,0.85268452,1.57917564,0.361669149,-0.602910862,0.39119113,0.784461342,0.336992129,0.160368901,0.906291623,0.945848689,0.86523969,0.758839573,0.017204228,0.856262051,0.422423574,0.847883011
98,19.28950886,angry,2,-0.878919698,0.587612888,-0.931001164,-1.222175233,1.662373282,-0.480619817,-0.250158341,-1.056284344,0.494350932,1.823403387,0.916833065,1.561161774,-2.687159081,1.38931226,-0.462177217,0.028710083,0.927719154,0.065275721,0.391728952,0.967904086,0.443046369,0.477884821,0.960184208,0.793056016,0.528051738,0.750267049,0.890430364
187,18.34205149,happy,0,-0.085110454,0.035479263,-0.4676685,0.043039525,0.627950547,0.400958538,0.239474174,2.110344694,-1.305630293,0.31513246,0.386141636,-0.212305097,-0.899612233,-0.02649236,0.089251465,0.076064445,0.957529874,0.4877205,0.364292685,0.202637549,0.554783516,0.584715736,0.931566122,0.80263784,0.182749077,0.402266135,0.913990839
156,19.84872286,angry,2,-0.162357954,0.543539583,1.955553492,-0.687870372,0.376570411,1.777127513,-0.640123055,-0.053731701,-0.500595815,-0.164007975,1.100074572,-0.042965452,0.275543983,-0.385418721,-1.301751702,0.849480747,0.917929172,0.665574765,0.963991987,0.130647396,0.447249886,0.573941781,0.523325887,0.157020909,0.996643511,0.180353761,0.338378473
128,6.756141165,angry,2,0.172311458,-0.734359371,-0.465345692,-1.350003709,-1.845036214,1.964892224,-0.579432669,0.665879517,0.084742179,-1.323611912,0.581738201,0.034553472,-0.258963686,-1.35391808,0.399658388,0.231689835,0.016133808,0.300785419,0.929543453,0.041868866,0.652565259,0.355409011,0.924476214,0.134238465,0.596368407,0.564598505,0.591831192
198,10.53778742,relaxed,3,0.326238022,-0.527753758,1.196085318,-0.73248141,-0.473870391,0.685793771,0.829198647,0.012934365,-0.938564218,-0.162280508,0.063148039,-0.642579163,-1.19108419,-0.655561323,1.093916971,0.04419947,0.308333498,0.213213093,0.244215978,0.806112751,0.950379701,0.799764345,0.731151547,0.016556311,0.325795349,0.265361173,0.781406885
161,12.42039256,happy,0,-0.390245143,-0.615075063,2.231604342,-0.601787947,0.103421619,0.556224062,0.658309259,1.327044107,-0.019196507,0.553548295,-1.649751116,0.358976158,0.974865041,2.601161883,-0.920990961,0.430994677,0.573625915,0.969175322,0.736333404,0.830703399,0.753251789,0.804536427,0.473955106,0.14041217,0.568699188,0.019232174,0.886849992
157,6.186255728,angry,2,-0.827778512,0.196448335,0.430455797,0.524098505,-0.44325913,-1.184613574,-1.018346017,-1.218948598,1.079074036,0.376873513,0.968380721,0.247191416,0.262058394,-0.848742982,0.331653395,0.870229107,0.505278683,0.121319516,0.618068664,0.045745263,0.015807861,0.037785218,0.286673969,0.300369068,0.313530881,0.09031836,0.988745349
101,14.63930724,angry,2,0.485770217,0.309744645,0.430628454,0.65404935,0.298379444,1.780518324,0.733875933,1.396399845,-0.067046291,0.013791772,0.46874318,-0.358915579,-0.129162546,-0.50028947,0.777645726,0.546101301,0.190806414,0.446571566,0.694833184,0.255432022,0.901516829,0.770646578,0.730319939,0.810813284,0.354484412,0.783895398,0.286894789
52,8.034820876,sad,1,-0.336456398,-0.503507488,0.86769816,0.744380188,0.934356481,-0.957905104,0.193750829,0.50665379,-1.290183455,-0.560322562,0.047487811,-0.606728236,1.213785976,-0.451764314,1.317864405,0.403101159,0.130416247,0.080533303,0.872510134,0.565368978,0.468246108,0.30264207,0.61315127,0.866067894,0.538855092,0.043928235,0.851726775
162,18.72045955,angry,2,-0.442915272,-0.652809449,0.685813951,-0.730209979,-0.086690866,1.735253645,-1.144516879,-0.356841352,0.922729477,-0.445237895,-0.967098749,-0.902228867,0.296138462,1.608086847,0.790756591,0.977499233,0.926604702,0.906536348,0.620907893,0.188122399,0.033068128,0.472487812,0.548923812,0.694887162,0.680052297,0.420227287,0.911771149
121,9.87689853,angry,2,-0.442782051,-0.220530606,-1.030804012,1.456341281,-0.056176642,-0.780291986,1.36226001,0.926814112,1.10645058,0.474191132,1.540628322,-0.878497415,0.038799094,0.676836527,-1.294505654,0.011786854,0.176412905,0.344169955,0.279039811,0.764498075,0.221824646,0.393857909,0.513824487,0.523473039,0.178543405,0.947724724,0.571896448
179,18.98755592,angry,2,0.246191923,-0.640332129,0.358170778,0.227426026,0.053497462,0.413921972,-0.01426862,-0.902281995,0.681942474,0.912008152,1.311116174,-0.590220721,-0.75571113,-0.694653228,1.623910497,0.537670325,0.04498152,0.48172726,0.395625411,0.07505698,0.879304637,0.325285242,0.058478729,0.231298957,0.081587541,0.17999319,0.710841989
120,10.63856254,angry,2,-0.971270124,-0.857441238,-0.318211159,0.087510557,1.445437278,1.994932404,0.650121196,0.105102752,-0.625055584,-0.590624345,0.73541348,-1.56771603,-0.271085334,-0.424475763,0.085597252,0.496329124,0.829144212,0.635066973,0.680293214,0.977889845,0.356128396,0.236959853,0.958812298,0.735587207,0.374765611,0.388119215,0.289780919
126,13.10435941,relaxed,3,-0.787418389,0.143390322,1.705860502,-0.477952734,-3.015650921,0.995169657,0.002138441,-1.190799842,-0.235165091,0.595207314,0.324600915,1.118603774,-1.144326218,0.850692569,-2.054521394,0.81683255,0.35658609,0.197684892,0.19381198,0.43497088,0.22869823,0.000763779,0.896152331,0.952980443,0.976555403,0.075357182,0.397500987
123,19.05030022,angry,2,0.534713818,-0.762075937,0.881662402,-0.688940613,-1.74279561,0.230952592,1.630707837,1.337888093,-0.878121342,-1.662396648,-0.470068051,1.746652895,1.382998389,-1.788165476,1.294587001,0.841745563,0.223421508,0.943654327,0.359351988,0.404679945,0.895450197,0.877747468,0.625491639,0.025520502,0.32287905,0.36602257,0.314726006
150,13.48839476,relaxed,3,-0.204290791,-0.55959047,0.972745988,-0.154773083,0.879910479,0.698813086,1.811093175,-0.519383147,0.220380146,-0.300717655,-0.417210816,0.380615749,0.718462419,-1.59201775,0.167563943,0.962916667,0.844084558,0.597594484,0.821815871,0.118230328,0.386656801,0.26455889,0.178187773,0.849938765,0.064257568,0.697350006,0.045676619
175,14.49993495,relaxed,3,-0.519672027,-0.847852895,-1.961563367,-0.63473917,-2.071498641,-0.76699217,0.14493777,0.82768632,1.073405886,0.469595147,-0.083939488,0.673755115,1.079572901,0.015546292,0.443232209,0.373244013,0.409667561,0.170609776,0.501907472,0.638953488,0.071329284,0.489547028,0.382567872,0.620129966,0.027151371,0.886922176,0.030824833
110,10.24280178,angry,2,0.561379722,-0.119573119,-1.623615351,-0.30711617,-0.164888562,0.34549913,1.640232898,1.70955517,1.028838138,-0.511926274,-0.586225044,-1.031562033,-0.951262985,-0.278960289,-0.575323189,0.652519222,0.667121517,0.046862248,0.610002924,0.248867429,0.1246669,0.684699685,0.26253732,0.922135389,0.685165398,0.898304903,0.306891782
135,6.336289546,sad,1,-0.483772112,-0.881505352,0.097542613,-0.573543094,0.871723079,-0.701413109,-0.543475208,0.026191287,0.578062153,-1.116093399,0.570840671,-1.767359172,-1.696617163,0.489040906,0.381114425,0.215406546,0.767919784,0.291507439,0.246185165,0.780636678,0.273242412,0.058359569,0.870970809,0.56332259,0.874799615,0.544565772,0.362537976
58,16.8342694,happy,0,-0.116968126,-0.071917276,-1.148082832,-0.801040665,0.93875987,-1.776148272,-0.854275434,-0.303557135,-2.000762906,1.211415416,0.587850449,0.555905862,0.482673364,-0.826182538,-1.594260037,0.630386692,0.666472743,0.265241822,0.460187319,0.220372774,0.807284011,0.679062167,0.053443733,0.465177699,0.30978413,0.240127181,0.42736004
59,14.4879696,relaxed,3,-0.678478204,-0.317854444,-0.440568957,1.266912746,-0.283665189,-0.92192227,-2.755168377,-1.914862843,-0.878291141,-0.071594293,0.884380964,0.810652398,-0.613139483,-0.239911093,-0.730985614,0.762464275,0.758718938,0.468075783,0.306559292,0.781953313,0.982600408,0.645499776,0.724292391,0.023790155,0.174660032,0.13226506,0.524618552
57,19.83791995,angry,2,0.059536248,0.23154267,-0.386085046,1.296224929,-1.368817343,0.656097978,-0.701955633,0.546259971,1.114659377,-0.154575786,0.526829565,-0.629091451,-0.856422033,1.900650841,1.373546109,0.000116437,0.365497678,0.95695133,0.364526003,0.752993401,0.418288832,0.677985304,0.511155092,0.853496144,0.792612487,0.226387732,0.88424187
67,12.59921176,sad,1,0.245058483,-0.990885563,0.063097522,0.39674953,0.260956554,0.517530896,1.106991436,0.319760869,-0.080539734,-1.007150097,-1.222492323,-0.994236662,-1.192459782,0.440010997,0.094661023,0.311561743,0.92153077,0.637631761,0.282392846,0.344414387,0.804511986,0.10927815,0.773310241,0.794191566,0.555604528,0.479424869,0.564164338
142,17.62024145,happy,0,-0.537280375,-0.464913061,0.508465458,-2.60753325,-1.0711468,0.901415487,1.044529001,-1.236711298,-0.393309986,0.354444712,-0.797959422,0.426363046,-0.656201119,0.656262111,-0.751306177,0.782817065,0.494297481,0.056799412,0.859585206,0.35018026,0.977151538,0.801671467,0.907301754,0.730940256,0.918497558,0.102720894,0.51336895
122,6.169288516,angry,2,-0.818530097,0.872214138,0.37426417,0.769389269,0.242614171,0.163509688,0.222445452,-0.047708745,-0.207283069,-0.63790181,0.340493622,1.296317584,-1.107284701,-1.377259714,-0.905044962,0.355629743,0.288657399,0.251687523,0.018317438,0.019547178,0.546078678,0.440756302,0.577862031,0.08101542,0.071235489,0.509081152,0.672720308
180,12.22433322,relaxed,3,-0.249758604,0.835197746,-0.441934552,0.306738234,-0.148496127,0.222206862,-0.745105512,-0.779010069,0.553352113,-1.541265646,-2.975869517,-0.868486181,-0.091004066,-0.412452228,0.392077317,0.952681483,0.97151238,0.919893919,0.257274658,0.002268174,0.739011183,0.719901772,0.899620789,0.728060907,0.291600483,0.636548218,0.412718276
71,10.63225185,happy,0,0.597022633,0.770199661,-0.393580593,-0.51689324,0.167761365,0.58887385,-0.91649558,0.105198694,-0.884227876,1.690845721,0.005338524,-1.356069567,-1.620780815,1.472408947,-0.894429838,0.018739704,0.526518953,0.548187452,0.634937107,0.627782381,0.308567396,0.049964857,0.685729286,0.74999637,0.118665834,0.080419597,0.932623735
101,9.884329487,happy,0,0.542941091,0.74423186,-2.196234414,-0.314871078,1.582578891,-1.459541376,-0.446334872,0.432460033,0.048067846,-0.430369633,-0.002241437,-2.573234517,-2.009321196,-0.088486051,-1.015165775,0.848776969,0.462466687,0.167849997,0.245033035,0.700564778,0.308280779,0.362666971,0.135348161,0.338195583,0.637808116,0.474154219,0.866440835
61,6.298640643,angry,2,0.54091926,-0.65171813,1.183969992,-0.542737831,-0.367169338,1.030386178,1.376459551,1.846011273,-1.823953327,0.218430493,-1.677785836,0.08060392,-0.309519967,0.336109246,0.704181901,0.648327783,0.573695084,0.291691877,0.322034783,0.489466552,0.24804015,0.885991594,0.898824911,0.08148716,0.552026776,0.286341497,0.240951833
125,12.05867429,sad,1,0.319665256,-0.141922003,0.575029015,-0.746019211,1.214579309,0.250341083,0.070124111,1.403118471,-1.326227671,1.46746906,2.093395123,-1.233412439,0.39999621,-0.825024816,0.78251595,0.813363172,0.227312612,0.881520924,0.093880541,0.729938375,0.582426098,0.248181722,0.996361131,0.820954636,0.743976514,0.666977964,0.537324577
174,17.86723959,angry,2,0.74668951,-0.246408018,0.007421079,-1.737400136,-0.872455208,-0.733578946,-1.052759766,-0.261212901,1.044360142,0.778144256,0.891363661,0.734410683,0.193827671,0.158578708,-1.24308507,0.248339256,0.880621728,0.3663363,0.301526846,0.350204289,0.708846299,0.739552152,0.631534716,0.033089203,0.829829856,0.442675492,0.097783149
124,5.059204263,angry,2,0.523718382,-0.913114346,-0.211019297,0.281784938,0.646865448,0.373013961,0.359964106,0.223889798,-0.817589276,-1.330936772,1.337761575,-0.320250358,-1.262621538,-0.183448897,-0.610644907,0.773267397,0.981948916,0.017049156,0.375402744,0.625883399,0.971909073,0.62331985,0.582800336,0.001352278,0.687288407,0.341096467,0.530788187
129,15.57807269,relaxed,3,0.989713739,-0.306441556,1.38995927,-0.239504269,-0.606314078,-0.122295203,0.722583138,-0.195340343,-0.589342849,-1.458331242,-1.729557014,0.794875915,-0.256780662,-1.153056976,0.600193953,0.545374541,0.03967962,0.818067438,0.951315932,0.283007669,0.974351355,0.010950491,0.447644654,0.966161173,0.197762672,0.533253155,0.303102074
108,15.82891888,sad,1,-0.390301663,0.191658067,-0.2983443,1.40760297,0.14402942,-1.325268872,-0.799172199,-0.752254462,-0.081339622,1.315330723,-1.340314872,1.746671843,1.071873016,1.324290837,-1.733989207,0.145749225,0.530327637,0.042289844,0.868779548,0.149991249,0.303477737,0.646229096,0.40361682,0.321112699,0.625143638,0.190315842,0.895926203
128,6.243625144,relaxed,3,0.488820999,0.22396407,0.391787024,-1.40173771,1.898829255,-0.083610225,1.234172625,1.594203633,-0.700772296,-0.003297208,0.650346586,0.242374436,0.647451216,-0.645849252,-0.625040389,0.326872934,0.871328339,0.201974749,0.440230961,0.126442899,0.738477985,0.858671404,0.873270049,0.765185071,0.306389294,0.311577457,0.164785646
103,17.61248585,happy,0,0.430350994,0.025042154,-0.166417611,-0.797994579,2.0533919,-0.446182077,0.155273906,-1.599074777,-0.10143487,0.543024019,1.123201584,1.155672473,-1.046904171,-1.015712581,1.541621186,0.826057757,0.132824173,0.689549198,0.701432676,0.733372009,0.239883056,0.922440944,0.645453031,0.552599683,0.216169564,0.845654504,0.273170176
151,7.681692387,happy,0,0.071188901,0.286478544,-0.086138942,-0.066269477,0.252129461,1.803563063,-1.014878872,1.660098102,-0.80076813,1.83194802,0.612005647,1.738162479,-0.852121225,-1.570956035,-0.081665131,0.255714032,0.360016066,0.952496,0.510668332,0.472856113,0.571693833,0.418487432,0.031436929,0.654042808,0.968272758,0.708849217,0.704060789
92,15.51601012,happy,0,-0.117310693,0.603350766,0.576104782,1.802141552,-0.223886829,-1.077508218,0.966761009,1.384540655,-0.115585111,-0.939472609,0.064617649,-0.689510749,1.150392786,-0.35696293,-0.407897464,0.391668283,0.99905723,0.866149982,0.545260187,0.599925892,0.132816365,0.194345753,0.65710495,0.571730217,0.447624946,0.467644264,0.497137998
115,17.77261982,sad,1,0.676874824,-0.802459511,2.773146886,0.057149646,-0.474205557,0.770189036,3.049808544,-0.48744809,0.961685447,-0.763487653,0.122668424,-1.069081477,-0.43533947,1.930664499,1.280799517,0.500924905,0.316321307,0.618780597,0.331804005,0.135602447,0.908674388,0.210275791,0.784684894,0.910570224,0.262821662,0.599828588,0.544198518
147,5.390841704,happy,0,0.258982027,-0.860550293,0.908200404,-0.257690523,0.170805118,0.063347371,-0.203570106,-1.436178097,-0.385562753,1.045454939,1.297339807,2.26615797,-1.165658586,0.837161699,-0.307811929,0.295249784,0.128599819,0.891956252,0.277863185,0.239281392,0.893083016,0.078895113,0.298673747,0.898086596,0.92556777,0.883650521,0.60748127
41,19.73101463,sad,1,0.822579277,-0.621329216,0.683602992,-1.132363909,2.890703178,1.196605005,0.716768189,-0.4316923,0.089391434,1.402292474,-0.445767126,-1.801793029,0.008055777,-0.700247997,-0.910057743,0.567822981,0.536090447,0.890076046,0.605030096,0.597566036,0.832734714,0.861836738,0.683111682,0.29217874,0.342470889,0.600766873,0.161836354
146,13.08926596,sad,1,-0.342505571,0.911175807,1.173926159,1.521452876,1.415961335,-0.4303839,0.672384199,1.296243758,0.855164342,0.762425388,-2.010070011,-0.277382005,1.143128389,0.472992486,1.120705959,0.566311688,0.424919428,0.075201493,0.564342686,0.284665823,0.403890774,0.435212082,0.977664575,0.357938439,0.584417516,0.477905163,0.489428437
101,7.137031454,happy,0,0.789210512,-0.56392158,-1.814409221,0.709863587,1.10442546,1.923443614,-0.634799066,0.561816374,0.440483169,2.892929712,-1.034562053,0.814030322,-1.153909426,-0.873603022,3.105490503,0.829971852,0.634870629,0.64660353,0.130956983,0.444308888,0.092983613,0.097729432,0.20868738,0.922973131,0.340266242,0.777302327,0.146590463
105,19.48337801,happy,0,0.137038712,-0.665585659,1.174210825,-0.566035415,1.449449121,0.8602508,-0.994878618,-0.129232267,0.682090696,-0.473646171,-0.471585194,0.326274065,-1.113096635,-0.234659895,0.27595778,0.876735714,0.839285589,0.185225417,0.947376433,0.986034555,0.4249818,0.259787932,0.472521573,0.419903551,0.857130284,0.466499521,0.784148089
180,15.14866517,relaxed,3,0.054550577,-0.855766165,-0.090154581,-1.235663575,-1.567195843,0.42342782,0.862093766,-0.29394754,0.752440944,-0.203871117,0.5755551,0.193121046,-2.821542004,-1.1661348,-0.00913616,0.538186637,0.843209738,0.678809293,0.927027897,0.865279783,0.454433165,0.498850613,0.719882731,0.347486416,0.009770189,0.537926487,0.92680925
106,16.97615179,angry,2,-0.240819752,-0.265266605,1.156439525,0.821316684,1.019339121,1.510450146,-1.700596919,0.382535374,-0.462117029,-1.010201862,-0.746819808,0.083353509,1.165786513,0.281586283,0.706839794,0.289030219,0.212610661,0.081193998,0.154456057,0.8115081,0.039961219,0.381754281,0.033890387,0.618341167,0.188344803,0.892451318,0.595761927
139,13.11471722,relaxed,3,-0.58707002,0.945344063,-2.120672693,1.564211414,-0.06638575,1.623522919,1.582027343,-2.026312478,-1.28625028,0.846769683,1.687855732,-0.689023477,0.820510484,-1.22818687,0.991805505,0.852923742,0.097592861,0.093621484,0.496232988,0.615908606,0.67274069,0.624665018,0.432087818,0.222518722,0.955221077,0.721652709,0.102453247
55,16.9670255,sad,1,-0.56115227,0.654399402,-2.286221934,2.013017246,0.207356485,-2.079059627,1.0522426,-0.145825022,-1.010828779,1.377985767,1.161162714,-1.345925905,0.072074695,-0.362281903,-0.717499716,0.769313354,0.831613432,0.195737237,0.866363193,0.795803308,0.325442355,0.362002446,0.266308806,0.149208369,0.979702352,0.643897127,0.460451063
62,5.345297967,sad,1,-0.627596965,-0.100044481,-0.68419151,-0.701311191,0.037513714,-0.072738964,-0.708185824,-0.947977182,-0.623084977,1.274768411,-1.130838534,0.660917432,-0.514754878,1.837403852,-1.797480217,0.828092026,0.063997155,0.288425551,0.649099813,0.048018773,0.991704832,0.934227237,0.440748236,0.376091575,0.551479852,0.421793,0.661416201
66,16.31221221,relaxed,3,0.621160574,0.136892,0.857104057,-0.183609187,0.396846527,0.050954632,0.277560013,0.841783208,-3.014137373,-1.067060508,0.210293101,-1.326570314,0.920667794,-0.151843653,1.127302822,0.876956477,0.984289593,0.756507338,0.260877173,0.573437297,0.292781168,0.919185244,0.260936652,0.114379959,0.593946743,0.330026227,0.487454767
48,10.43606806,relaxed,3,0.43427064,0.126760694,0.855992006,1.307100269,0.089160997,0.268553412,2.315863148,1.775741974,-1.223463633,2.245573476,1.458154577,-1.004916267,-0.623451954,-0.703282222,1.064871147,0.236243436,0.402656019,0.149397421,0.313973664,0.609357834,0.330897537,0.873062711,0.216884259,0.308893936,0.067612029,0.233625952,0.638956228
141,13.15298405,happy,0,-0.432693836,-0.156455055,-0.898925415,-0.672370385,-2.145461403,1.654083454,-1.981820802,-0.700834637,0.656647872,-0.586989324,0.51745553,-0.564449306,-1.49258338,-0.201548802,-0.034731121,0.218592412,0.965931105,0.669671246,0.48888086,0.046186566,0.391233899,0.572581398,0.733151973,0.805103725,0.167794698,0.180114368,0.343417055
75,7.825905665,angry,2,-0.175509931,-0.16811564,-0.770360582,-1.016285727,1.44575401,0.531644268,1.052984368,-0.03333081,-1.506450926,-0.329384895,0.543126748,-1.499698703,0.193535363,-0.074568124,0.854322859,0.292624058,0.142596329,0.56564112,0.302473632,0.559140419,0.017566906,0.994048106,0.65601929,0.598925505,0.075457456,0.759441008,0.0979175
75,6.486029808,angry,2,-0.491398458,0.639370041,0.993865155,-1.743996555,-0.839044723,-0.754196508,-0.464740886,-0.269197794,0.07291909,-1.693316757,0.250526134,-0.560434951,0.137681909,-1.533921594,-0.140412138,0.645533763,0.22395133,0.065757389,0.353824934,0.687823357,0.296714273,0.786073886,0.85782344,0.010267852,0.345610832,0.301257499,0.015412907
87,9.710049323,happy,0,0.200892987,-0.540748113,0.146468097,-0.366479678,-1.599266333,-0.839517291,-0.698570767,0.435093736,-0.938576266,0.523498642,-1.852237753,0.678140955,-0.45199982,-1.297186158,-0.351425021,0.802919443,0.511563539,0.910454427,0.233561763,0.457696767,0.973734852,0.562821531,0.576585603,0.501515887,0.507147067,0.115497659,0.58900463
96,16.21724049,relaxed,3,0.151040692,-0.785042902,0.618225988,0.789325744,-0.68585859,-0.754718285,0.516692938,-0.823428889,0.391858564,-0.592634635,-0.693861519,-1.549606387,-0.537614243,0.937406032,-1.122116098,0.695615842,0.339121803,0.827789804,0.369318314,0.408635893,0.673455739,0.777960029,0.795521308,0.425200582,0.127333334,0.248266454,0.931432485
114,12.47702915,relaxed,3,-0.509927932,-0.507944349,0.793896772,0.209891519,-1.146022969,0.112555319,-1.592059287,2.406484442,0.731922737,0.375056482,-1.784604314,0.219322557,0.098204139,-1.739947139,1.170688125,0.004389418,0.145845581,0.761159125,0.391354806,0.406194327,0.693912821,0.290683967,0.70259798,0.682268844,0.356639104,0.537178847,0.181935615
125,8.008649591,angry,2,-0.842272971,0.124599896,1.85466319,0.501968312,-0.958743282,0.318264506,-0.885086296,-0.221339012,-0.716276717,0.766426179,-0.795911409,0.707933528,-0.4391584,-0.593118249,0.787537256,0.630321785,0.307097619,0.908958433,0.48981707,0.396518974,0.030714741,0.788524635,0.390397746,0.632063282,0.831418483,0.034767564,0.772640543
124,12.26065878,angry,2,-0.955274238,0.479440213,1.248137061,-0.418906955,0.833776413,0.25497698,0.846267425,-1.055811264,0.108001077,1.851724817,-0.791182967,0.044969148,-0.147634199,1.806924576,-1.141617562,0.863680805,0.804276136,0.868970039,0.81779555,0.780280386,0.459827218,0.889386201,0.219207822,0.085622369,0.294964532,0.842290892,0.075979412
82,19.95033885,relaxed,3,-0.185541478,-0.744178771,0.413624476,1.994394037,-0.218587482,-0.632200059,-0.625762635,-2.281194684,-0.034718851,0.4002355,-0.094677878,0.54116605,1.542432904,0.109922366,-0.013423147,0.421534917,0.458242278,0.006416755,0.806552222,0.705877684,0.318225692,0.525463018,0.832019883,0.598000587,0.523361815,0.513046453,0.929682784
108,19.80477695,relaxed,3,0.813008018,0.306768065,0.187251457,2.963413078,0.777343606,1.76187004,-0.920746547,1.159897091,0.572489127,-1.247832819,-0.203998613,0.769768703,-0.110552366,0.53321078,0.239708602,0.102900232,0.536040749,0.21277793,0.307499645,0.162263116,0.985355832,0.389065377,0.256789182,0.197617902,0.340542717,0.841220472,0.261408777
181,11.03401123,relaxed,3,-0.647382702,-0.688008213,0.055888407,1.354196136,-0.785762641,-0.141166289,-0.56690483,2.275545103,0.49992477,1.908074166,-2.342389576,0.22312968,0.164638291,-1.5982336,1.281468266,0.665765029,0.552389286,0.284664358,0.195885427,0.067552312,0.21213851,0.762347615,0.346631567,0.912042737,0.880051202,0.141487534,0.603577544
199,9.356399122,happy,0,0.175531083,0.45792461,3.214893062,0.304292511,-0.148450687,1.076277401,0.998259264,1.798011067,-0.926162166,-0.926871079,-1.705606158,-0.254328427,-0.573144695,-1.167707688,-0.079508581,0.886870494,0.217118554,0.597070374,0.984528268,0.684899036,0.584368845,0.144118029,0.573775678,0.348542604,0.319123863,0.778928469,0.851573399
96,16.12404632,happy,0,0.814254739,-0.055270376,0.51568265,-0.734518867,-0.430890925,1.149818364,-0.921429513,0.20179483,1.782883324,-1.989951225,1.778539017,1.202742543,0.830560231,-0.751064056,-0.883318715,0.54449033,0.437459414,0.960332703,0.44756235,0.304061141,0.549239863,0.721416151,0.578455792,0.86372068,0.81578227,0.509486724,0.491876894
